text,context
"Why is model conversion important?", "The option to convert models between FARM and transformers gives freedom to the user and let people easily switch between frameworks."
"What is the importance of data preprocessing in machine learning?", "Data preprocessing is crucial in machine learning as it involves cleaning transforming and organizing data to make it suitable for model training helps improve model accuracy and efficiency by handling missing values scaling features and encoding categorical variables."
"How does regularization prevent overfitting in machine learning models?", "Regularization techniques like L1 (Lasso) and L2 (Ridge) help prevent overfitting in machine learning models by adding penalty terms to the loss function this discourages complex model behavior promoting generalization and improving model performance on unseen data."
"What is the role of activation functions in neural networks?", "Activation functions introduce non-linearity to neural networks enabling them to learn complex patterns and relationships in data. Functions like ReLU Sigmoid and Tanh help in capturing intricate features controlling the flow of information and improving the network's ability to approximate complex functions."
"What is the difference between supervised and unsupervised learning?", "Supervised learning involves training models on labeled data to make predictions whereas unsupervised learning involves discovering patterns and relationships in unlabeled data. Supervised learning is used for tasks like image classification while unsupervised learning is used for tasks like clustering and dimensionality reduction."
"How does gradient descent optimize model parameters in machine learning?", "Gradient descent is an optimization algorithm used in machine learning to adjust model parameters based on the gradient of the loss function. It iteratively updates the parameters in the direction of the negative gradient minimizing the loss and improving model performance."
"What is the role of hyperparameter tuning in machine learning?", "Hyperparameter tuning involves adjusting model hyperparameters such as learning rate batch size and number of hidden layers to optimize model performance. This process helps in finding the best combination of hyperparameters that result in the best model performance on a given dataset."
"How does feature engineering improve machine learning model performance?", "Feature engineering involves creating new features from existing ones to improve model performance. This can include techniques like data transformation feature scaling and dimensionality reduction. Effective feature engineering can lead to better model accuracy robustness and interpretability."
"What is the difference between a neural network and a decision tree?", "A neural network is a complex model composed of multiple layers of interconnected nodes (neurons) that process inputs and produce outputs. A decision tree is a simple model that uses a tree-like structure to classify data based on feature values. Neural networks are more powerful but also more complex while decision trees are more interpretable but less accurate."
text,context
"Why is model conversion important?", "The option to convert models between FARM and transformers gives freedom to the user and let people easily switch between frameworks."
"What is the importance of data preprocessing in machine learning?", "Data preprocessing is crucial in machine learning as it involves cleaning transforming and organizing data to make it suitable for model training helps improve model accuracy and efficiency by handling missing values scaling features and encoding categorical variables."
"How does regularization prevent overfitting in machine learning models?", "Regularization techniques like L1 (Lasso) and L2 (Ridge) help prevent overfitting in machine learning models by adding penalty terms to the loss function this discourages complex model behavior promoting generalization and improving model performance on unseen data."
"What is the role of activation functions in neural networks?", "Activation functions introduce non-linearity to neural networks enabling them to learn complex patterns and relationships in data. Functions like ReLU Sigmoid and Tanh help in capturing intricate features controlling the flow of information and improving the network's ability to approximate complex functions."
"What is the difference between supervised and unsupervised learning?", "Supervised learning involves training models on labeled data to make predictions whereas unsupervised learning involves discovering patterns and relationships in unlabeled data. Supervised learning is used for tasks like image classification while unsupervised learning is used for tasks like clustering and dimensionality reduction."
"How does gradient descent optimize model parameters in machine learning?", "Gradient descent is an optimization algorithm used in machine learning to adjust model parameters based on the gradient of the loss function. It iteratively updates the parameters in the direction of the negative gradient minimizing the loss and improving model performance."
"What is the role of hyperparameter tuning in machine learning?", "Hyperparameter tuning involves adjusting model hyperparameters such as learning rate batch size and number of hidden layers to optimize model performance. This process helps in finding the best combination of hyperparameters that result in the best model performance on a given dataset."
"How does feature engineering improve machine learning model performance?", "Feature engineering involves creating new features from existing ones to improve model performance. This can include techniques like data transformation feature scaling and dimensionality reduction. Effective feature engineering can lead to better model accuracy robustness and interpretability."
"What is the difference between a neural network and a decision tree?", "A neural network is a complex model composed of multiple layers of interconnected nodes (neurons) that process inputs and produce outputs. A decision tree is a simple model that uses a tree-like structure to classify data based on feature values. Neural networks are more powerful but also more complex while decision trees are more interpretable but less accurate."
text,context
"Why is model conversion important?", "The option to convert models between FARM and transformers gives freedom to the user and let people easily switch between frameworks."
"What is the importance of data preprocessing in machine learning?", "Data preprocessing is crucial in machine learning as it involves cleaning transforming and organizing data to make it suitable for model training helps improve model accuracy and efficiency by handling missing values scaling features and encoding categorical variables."
"How does regularization prevent overfitting in machine learning models?", "Regularization techniques like L1 (Lasso) and L2 (Ridge) help prevent overfitting in machine learning models by adding penalty terms to the loss function this discourages complex model behavior promoting generalization and improving model performance on unseen data."
"What is the role of activation functions in neural networks?", "Activation functions introduce non-linearity to neural networks enabling them to learn complex patterns and relationships in data. Functions like ReLU Sigmoid and Tanh help in capturing intricate features controlling the flow of information and improving the network's ability to approximate complex functions."
"What is the difference between supervised and unsupervised learning?", "Supervised learning involves training models on labeled data to make predictions whereas unsupervised learning involves discovering patterns and relationships in unlabeled data. Supervised learning is used for tasks like image classification while unsupervised learning is used for tasks like clustering and dimensionality reduction."
"How does gradient descent optimize model parameters in machine learning?", "Gradient descent is an optimization algorithm used in machine learning to adjust model parameters based on the gradient of the loss function. It iteratively updates the parameters in the direction of the negative gradient minimizing the loss and improving model performance."
"What is the role of hyperparameter tuning in machine learning?", "Hyperparameter tuning involves adjusting model hyperparameters such as learning rate batch size and number of hidden layers to optimize model performance. This process helps in finding the best combination of hyperparameters that result in the best model performance on a given dataset."
"How does feature engineering improve machine learning model performance?", "Feature engineering involves creating new features from existing ones to improve model performance. This can include techniques like data transformation feature scaling and dimensionality reduction. Effective feature engineering can lead to better model accuracy robustness and interpretability."
"What is the difference between a neural network and a decision tree?", "A neural network is a complex model composed of multiple layers of interconnected nodes (neurons) that process inputs and produce outputs. A decision tree is a simple model that uses a tree-like structure to classify data based on feature values. Neural networks are more powerful but also more complex while decision trees are more interpretable but less accurate."
text,context
"Why is model conversion important?", "The option to convert models between FARM and transformers gives freedom to the user and let people easily switch between frameworks."
"What is the importance of data preprocessing in machine learning?", "Data preprocessing is crucial in machine learning as it involves cleaning transforming and organizing data to make it suitable for model training helps improve model accuracy and efficiency by handling missing values scaling features and encoding categorical variables."
"How does regularization prevent overfitting in machine learning models?", "Regularization techniques like L1 (Lasso) and L2 (Ridge) help prevent overfitting in machine learning models by adding penalty terms to the loss function this discourages complex model behavior promoting generalization and improving model performance on unseen data."
"What is the role of activation functions in neural networks?", "Activation functions introduce non-linearity to neural networks enabling them to learn complex patterns and relationships in data. Functions like ReLU Sigmoid and Tanh help in capturing intricate features controlling the flow of information and improving the network's ability to approximate complex functions."
"What is the difference between supervised and unsupervised learning?", "Supervised learning involves training models on labeled data to make predictions whereas unsupervised learning involves discovering patterns and relationships in unlabeled data. Supervised learning is used for tasks like image classification while unsupervised learning is used for tasks like clustering and dimensionality reduction."
"How does gradient descent optimize model parameters in machine learning?", "Gradient descent is an optimization algorithm used in machine learning to adjust model parameters based on the gradient of the loss function. It iteratively updates the parameters in the direction of the negative gradient minimizing the loss and improving model performance."
"What is the role of hyperparameter tuning in machine learning?", "Hyperparameter tuning involves adjusting model hyperparameters such as learning rate batch size and number of hidden layers to optimize model performance. This process helps in finding the best combination of hyperparameters that result in the best model performance on a given dataset."
"How does feature engineering improve machine learning model performance?", "Feature engineering involves creating new features from existing ones to improve model performance. This can include techniques like data transformation feature scaling and dimensionality reduction. Effective feature engineering can lead to better model accuracy robustness and interpretability."
"What is the difference between a neural network and a decision tree?", "A neural network is a complex model composed of multiple layers of interconnected nodes (neurons) that process inputs and produce outputs. A decision tree is a simple model that uses a tree-like structure to classify data based on feature values. Neural networks are more powerful but also more complex while decision trees are more interpretable but less accurate."
text,context
"Why is model conversion important?", "The option to convert models between FARM and transformers gives freedom to the user and let people easily switch between frameworks."
"What is the importance of data preprocessing in machine learning?", "Data preprocessing is crucial in machine learning as it involves cleaning transforming and organizing data to make it suitable for model training helps improve model accuracy and efficiency by handling missing values scaling features and encoding categorical variables."
"How does regularization prevent overfitting in machine learning models?", "Regularization techniques like L1 (Lasso) and L2 (Ridge) help prevent overfitting in machine learning models by adding penalty terms to the loss function this discourages complex model behavior promoting generalization and improving model performance on unseen data."
"What is the role of activation functions in neural networks?", "Activation functions introduce non-linearity to neural networks enabling them to learn complex patterns and relationships in data. Functions like ReLU Sigmoid and Tanh help in capturing intricate features controlling the flow of information and improving the network's ability to approximate complex functions."
"What is the difference between supervised and unsupervised learning?", "Supervised learning involves training models on labeled data to make predictions whereas unsupervised learning involves discovering patterns and relationships in unlabeled data. Supervised learning is used for tasks like image classification while unsupervised learning is used for tasks like clustering and dimensionality reduction."
"How does gradient descent optimize model parameters in machine learning?", "Gradient descent is an optimization algorithm used in machine learning to adjust model parameters based on the gradient of the loss function. It iteratively updates the parameters in the direction of the negative gradient minimizing the loss and improving model performance."
"What is the role of hyperparameter tuning in machine learning?", "Hyperparameter tuning involves adjusting model hyperparameters such as learning rate batch size and number of hidden layers to optimize model performance. This process helps in finding the best combination of hyperparameters that result in the best model performance on a given dataset."
"How does feature engineering improve machine learning model performance?", "Feature engineering involves creating new features from existing ones to improve model performance. This can include techniques like data transformation feature scaling and dimensionality reduction. Effective feature engineering can lead to better model accuracy robustness and interpretability."
"What is the difference between a neural network and a decision tree?", "A neural network is a complex model composed of multiple layers of interconnected nodes (neurons) that process inputs and produce outputs. A decision tree is a simple model that uses a tree-like structure to classify data based on feature values. Neural networks are more powerful but also more complex while decision trees are more interpretable but less accurate."
text,context
"Why is model conversion important?", "The option to convert models between FARM and transformers gives freedom to the user and let people easily switch between frameworks."
"What is the importance of data preprocessing in machine learning?", "Data preprocessing is crucial in machine learning as it involves cleaning transforming and organizing data to make it suitable for model training helps improve model accuracy and efficiency by handling missing values scaling features and encoding categorical variables."
"How does regularization prevent overfitting in machine learning models?", "Regularization techniques like L1 (Lasso) and L2 (Ridge) help prevent overfitting in machine learning models by adding penalty terms to the loss function this discourages complex model behavior promoting generalization and improving model performance on unseen data."
"What is the role of activation functions in neural networks?", "Activation functions introduce non-linearity to neural networks enabling them to learn complex patterns and relationships in data. Functions like ReLU Sigmoid and Tanh help in capturing intricate features controlling the flow of information and improving the network's ability to approximate complex functions."
"What is the difference between supervised and unsupervised learning?", "Supervised learning involves training models on labeled data to make predictions whereas unsupervised learning involves discovering patterns and relationships in unlabeled data. Supervised learning is used for tasks like image classification while unsupervised learning is used for tasks like clustering and dimensionality reduction."
"How does gradient descent optimize model parameters in machine learning?", "Gradient descent is an optimization algorithm used in machine learning to adjust model parameters based on the gradient of the loss function. It iteratively updates the parameters in the direction of the negative gradient minimizing the loss and improving model performance."
"What is the role of hyperparameter tuning in machine learning?", "Hyperparameter tuning involves adjusting model hyperparameters such as learning rate batch size and number of hidden layers to optimize model performance. This process helps in finding the best combination of hyperparameters that result in the best model performance on a given dataset."
"How does feature engineering improve machine learning model performance?", "Feature engineering involves creating new features from existing ones to improve model performance. This can include techniques like data transformation feature scaling and dimensionality reduction. Effective feature engineering can lead to better model accuracy robustness and interpretability."
"What is the difference between a neural network and a decision tree?", "A neural network is a complex model composed of multiple layers of interconnected nodes (neurons) that process inputs and produce outputs. A decision tree is a simple model that uses a tree-like structure to classify data based on feature values. Neural networks are more powerful but also more complex while decision trees are more interpretable but less accurate."
text,context
"Why is model conversion important?", "The option to convert models between FARM and transformers gives freedom to the user and let people easily switch between frameworks."
"What is the importance of data preprocessing in machine learning?", "Data preprocessing is crucial in machine learning as it involves cleaning transforming and organizing data to make it suitable for model training helps improve model accuracy and efficiency by handling missing values scaling features and encoding categorical variables."
"How does regularization prevent overfitting in machine learning models?", "Regularization techniques like L1 (Lasso) and L2 (Ridge) help prevent overfitting in machine learning models by adding penalty terms to the loss function this discourages complex model behavior promoting generalization and improving model performance on unseen data."
"What is the role of activation functions in neural networks?", "Activation functions introduce non-linearity to neural networks enabling them to learn complex patterns and relationships in data. Functions like ReLU Sigmoid and Tanh help in capturing intricate features controlling the flow of information and improving the network's ability to approximate complex functions."
"What is the difference between supervised and unsupervised learning?", "Supervised learning involves training models on labeled data to make predictions whereas unsupervised learning involves discovering patterns and relationships in unlabeled data. Supervised learning is used for tasks like image classification while unsupervised learning is used for tasks like clustering and dimensionality reduction."
"How does gradient descent optimize model parameters in machine learning?", "Gradient descent is an optimization algorithm used in machine learning to adjust model parameters based on the gradient of the loss function. It iteratively updates the parameters in the direction of the negative gradient minimizing the loss and improving model performance."
"What is the role of hyperparameter tuning in machine learning?", "Hyperparameter tuning involves adjusting model hyperparameters such as learning rate batch size and number of hidden layers to optimize model performance. This process helps in finding the best combination of hyperparameters that result in the best model performance on a given dataset."
"How does feature engineering improve machine learning model performance?", "Feature engineering involves creating new features from existing ones to improve model performance. This can include techniques like data transformation feature scaling and dimensionality reduction. Effective feature engineering can lead to better model accuracy robustness and interpretability."
"What is the difference between a neural network and a decision tree?", "A neural network is a complex model composed of multiple layers of interconnected nodes (neurons) that process inputs and produce outputs. A decision tree is a simple model that uses a tree-like structure to classify data based on feature values. Neural networks are more powerful but also more complex while decision trees are more interpretable but less accurate."
text,context
"Why is model conversion important?", "The option to convert models between FARM and transformers gives freedom to the user and let people easily switch between frameworks."
"What is the importance of data preprocessing in machine learning?", "Data preprocessing is crucial in machine learning as it involves cleaning transforming and organizing data to make it suitable for model training helps improve model accuracy and efficiency by handling missing values scaling features and encoding categorical variables."
"How does regularization prevent overfitting in machine learning models?", "Regularization techniques like L1 (Lasso) and L2 (Ridge) help prevent overfitting in machine learning models by adding penalty terms to the loss function this discourages complex model behavior promoting generalization and improving model performance on unseen data."
"What is the role of activation functions in neural networks?", "Activation functions introduce non-linearity to neural networks enabling them to learn complex patterns and relationships in data. Functions like ReLU Sigmoid and Tanh help in capturing intricate features controlling the flow of information and improving the network's ability to approximate complex functions."
"What is the difference between supervised and unsupervised learning?", "Supervised learning involves training models on labeled data to make predictions whereas unsupervised learning involves discovering patterns and relationships in unlabeled data. Supervised learning is used for tasks like image classification while unsupervised learning is used for tasks like clustering and dimensionality reduction."
"How does gradient descent optimize model parameters in machine learning?", "Gradient descent is an optimization algorithm used in machine learning to adjust model parameters based on the gradient of the loss function. It iteratively updates the parameters in the direction of the negative gradient minimizing the loss and improving model performance."
"What is the role of hyperparameter tuning in machine learning?", "Hyperparameter tuning involves adjusting model hyperparameters such as learning rate batch size and number of hidden layers to optimize model performance. This process helps in finding the best combination of hyperparameters that result in the best model performance on a given dataset."
"How does feature engineering improve machine learning model performance?", "Feature engineering involves creating new features from existing ones to improve model performance. This can include techniques like data transformation feature scaling and dimensionality reduction. Effective feature engineering can lead to better model accuracy robustness and interpretability."
"What is the difference between a neural network and a decision tree?", "A neural network is a complex model composed of multiple layers of interconnected nodes (neurons) that process inputs and produce outputs. A decision tree is a simple model that uses a tree-like structure to classify data based on feature values. Neural networks are more powerful but also more complex while decision trees are more interpretable but less accurate."
text,context
"Why is model conversion important?", "The option to convert models between FARM and transformers gives freedom to the user and let people easily switch between frameworks."
"What is the importance of data preprocessing in machine learning?", "Data preprocessing is crucial in machine learning as it involves cleaning transforming and organizing data to make it suitable for model training helps improve model accuracy and efficiency by handling missing values scaling features and encoding categorical variables."
"How does regularization prevent overfitting in machine learning models?", "Regularization techniques like L1 (Lasso) and L2 (Ridge) help prevent overfitting in machine learning models by adding penalty terms to the loss function this discourages complex model behavior promoting generalization and improving model performance on unseen data."
"What is the role of activation functions in neural networks?", "Activation functions introduce non-linearity to neural networks enabling them to learn complex patterns and relationships in data. Functions like ReLU Sigmoid and Tanh help in capturing intricate features controlling the flow of information and improving the network's ability to approximate complex functions."
"What is the difference between supervised and unsupervised learning?", "Supervised learning involves training models on labeled data to make predictions whereas unsupervised learning involves discovering patterns and relationships in unlabeled data. Supervised learning is used for tasks like image classification while unsupervised learning is used for tasks like clustering and dimensionality reduction."
"How does gradient descent optimize model parameters in machine learning?", "Gradient descent is an optimization algorithm used in machine learning to adjust model parameters based on the gradient of the loss function. It iteratively updates the parameters in the direction of the negative gradient minimizing the loss and improving model performance."
"What is the role of hyperparameter tuning in machine learning?", "Hyperparameter tuning involves adjusting model hyperparameters such as learning rate batch size and number of hidden layers to optimize model performance. This process helps in finding the best combination of hyperparameters that result in the best model performance on a given dataset."
"How does feature engineering improve machine learning model performance?", "Feature engineering involves creating new features from existing ones to improve model performance. This can include techniques like data transformation feature scaling and dimensionality reduction. Effective feature engineering can lead to better model accuracy robustness and interpretability."
"What is the difference between a neural network and a decision tree?", "A neural network is a complex model composed of multiple layers of interconnected nodes (neurons) that process inputs and produce outputs. A decision tree is a simple model that uses a tree-like structure to classify data based on feature values. Neural networks are more powerful but also more complex while decision trees are more interpretable but less accurate."
text,context
"Why is model conversion important?", "The option to convert models between FARM and transformers gives freedom to the user and let people easily switch between frameworks."
"What is the importance of data preprocessing in machine learning?", "Data preprocessing is crucial in machine learning as it involves cleaning transforming and organizing data to make it suitable for model training helps improve model accuracy and efficiency by handling missing values scaling features and encoding categorical variables."
"How does regularization prevent overfitting in machine learning models?", "Regularization techniques like L1 (Lasso) and L2 (Ridge) help prevent overfitting in machine learning models by adding penalty terms to the loss function this discourages complex model behavior promoting generalization and improving model performance on unseen data."
"What is the role of activation functions in neural networks?", "Activation functions introduce non-linearity to neural networks enabling them to learn complex patterns and relationships in data. Functions like ReLU Sigmoid and Tanh help in capturing intricate features controlling the flow of information and improving the network's ability to approximate complex functions."
"What is the difference between supervised and unsupervised learning?", "Supervised learning involves training models on labeled data to make predictions whereas unsupervised learning involves discovering patterns and relationships in unlabeled data. Supervised learning is used for tasks like image classification while unsupervised learning is used for tasks like clustering and dimensionality reduction."
"How does gradient descent optimize model parameters in machine learning?", "Gradient descent is an optimization algorithm used in machine learning to adjust model parameters based on the gradient of the loss function. It iteratively updates the parameters in the direction of the negative gradient minimizing the loss and improving model performance."
"What is the role of hyperparameter tuning in machine learning?", "Hyperparameter tuning involves adjusting model hyperparameters such as learning rate batch size and number of hidden layers to optimize model performance. This process helps in finding the best combination of hyperparameters that result in the best model performance on a given dataset."
"How does feature engineering improve machine learning model performance?", "Feature engineering involves creating new features from existing ones to improve model performance. This can include techniques like data transformation feature scaling and dimensionality reduction. Effective feature engineering can lead to better model accuracy robustness and interpretability."
"What is the difference between a neural network and a decision tree?", "A neural network is a complex model composed of multiple layers of interconnected nodes (neurons) that process inputs and produce outputs. A decision tree is a simple model that uses a tree-like structure to classify data based on feature values. Neural networks are more powerful but also more complex while decision trees are more interpretable but less accurate."